policy_id,age_at_entry,sex,policy_term,sum_assured,prem_paying_term,dur_elapsed,ann_prem,FV_start,mort_loading,death_benefit_option,PCODE
1,50,M,15,497000,10,0,49700,0,0.96,1,8
2,33,F,19,445000,13,0,34200,0,0.94,0,2
3,53,M,17,288000,10,0,28800,0,0.97,1,6
4,36,F,12,399000,10,0,39900,0,0.97,0,7
5,32,M,10,409000,10,0,40900,0,0.88,0,3
6,53,F,17,273000,10,0,27300,0,0.97,1,9
7,48,M,14,653000,10,0,65300,0,0.97,0,8
8,49,M,10,800000,10,0,80000,0,0.82,1,1
9,60,M,14,969000,10,0,96900,0,0.96,1,8
10,39,F,16,479000,10,0,47900,0,0.84,1,6
11,55,M,18,188000,10,0,18800,0,0.81,1,8
12,36,M,20,848000,16,0,53000,0,0.94,1,1
13,45,F,16,168000,10,0,16800,0,0.82,1,7
14,46,F,15,587000,10,0,58700,0,0.84,1,1
15,32,M,18,485000,10,0,48500,0,0.8,1,7
16,31,M,10,456000,10,0,45600,0,0.93,0,2
17,33,F,11,647000,10,0,64700,0,0.93,1,1
18,49,M,14,810000,10,0,81000,0,0.95,0,8
19,47,M,10,530000,10,0,53000,0,0.8,1,8
20,58,F,20,978000,15,0,65200,0,0.88,0,7
21,50,F,20,940000,18,0,52200,0,0.92,0,9
22,33,F,19,329000,10,0,32900,0,0.98,1,2
23,57,F,18,929000,15,0,61900,0,0.86,0,6
24,59,M,19,976000,10,0,97600,0,0.99,1,2
25,51,M,12,293000,10,0,29300,0,0.98,0,9
26,49,F,18,672000,12,0,56000,0,0.9,1,2
27,29,F,16,212000,10,0,21200,0,0.82,1,1
28,28,M,17,874000,15,0,58300,0,0.9,1,6
29,34,M,15,815000,14,0,58200,0,0.97,0,5
30,40,F,12,211000,10,0,21100,0,0.9,1,10
31,27,F,15,720000,10,0,72000,0,0.86,0,8
32,56,F,15,963000,10,0,96300,0,0.91,0,8
33,42,F,14,213000,10,0,21300,0,0.91,0,7
34,50,F,20,569000,15,0,37900,0,1.0,1,10
35,32,F,11,598000,10,0,59800,0,0.97,0,5
36,36,F,16,889000,10,0,88900,0,0.82,0,1
37,29,F,10,253000,10,0,25300,0,0.95,0,1
38,51,F,16,941000,10,0,94100,0,0.84,0,9
39,52,F,14,706000,10,0,70600,0,0.83,0,2
40,32,M,13,718000,11,0,65300,0,0.97,0,1
41,50,M,12,819000,10,0,81900,0,0.8,0,2
42,27,M,11,301000,10,0,30100,0,0.95,1,9
43,39,F,19,223000,10,0,22300,0,0.94,0,5
44,30,F,16,270000,10,0,27000,0,0.9,1,8
45,51,F,15,415000,11,0,37700,0,0.84,1,10
46,37,F,20,696000,16,0,43500,0,0.83,1,8
47,42,F,11,365000,10,0,36500,0,0.83,1,10
48,41,F,10,739000,10,0,73900,0,1.0,0,1
49,42,F,16,955000,10,0,95500,0,0.98,0,8
50,34,F,11,888000,10,0,88800,0,0.97,1,5
51,45,F,15,804000,14,0,57400,0,0.98,0,4
52,54,F,16,674000,10,0,67400,0,0.96,0,4
53,42,M,15,296000,12,0,24700,0,0.97,0,10
54,31,F,15,455000,10,0,45500,0,0.93,0,3
55,25,M,10,983000,10,0,98300,0,0.88,0,4
56,29,M,10,536000,10,0,53600,0,0.85,1,3
57,27,F,17,232000,13,0,17800,0,1.0,0,10
58,28,M,14,779000,10,0,77900,0,0.86,1,4
59,29,F,14,699000,10,0,69900,0,0.83,1,6
60,46,M,10,764000,10,0,76400,0,0.83,1,3
61,54,F,13,116000,10,0,11600,0,0.84,0,6
62,55,F,18,909000,11,0,82600,0,0.85,0,4
63,48,M,19,594000,10,0,59400,0,0.95,0,3
64,46,F,15,281000,10,0,28100,0,0.87,0,4
65,36,F,11,146000,10,0,14600,0,0.81,0,2
66,58,F,19,467000,13,0,35900,0,0.83,1,7
67,48,F,12,612000,10,0,61200,0,0.89,0,10
68,51,M,18,705000,10,0,70500,0,0.92,1,3
69,51,F,13,798000,10,0,79800,0,0.98,0,1
70,55,F,17,513000,16,0,32100,0,0.83,0,3
71,50,M,19,719000,10,0,71900,0,0.96,1,6
72,58,M,16,528000,10,0,52800,0,0.8,0,8
73,44,F,12,121000,10,0,12100,0,0.99,0,8
74,44,F,16,471000,10,0,47100,0,0.89,1,9
75,34,M,14,650000,13,0,50000,0,0.97,0,5
76,58,F,19,223000,12,0,18600,0,0.81,1,4
77,44,F,19,742000,10,0,74200,0,0.89,0,2
78,42,F,17,972000,11,0,88400,0,0.88,0,9
79,36,M,13,887000,10,0,88700,0,0.97,1,3
80,34,F,19,621000,10,0,62100,0,0.84,1,2
81,47,M,16,392000,10,0,39200,0,0.84,0,1
82,41,M,17,923000,13,0,71000,0,0.95,1,6
83,45,F,20,963000,10,0,96300,0,0.89,1,1
84,48,F,20,190000,10,0,19000,0,0.93,0,6
85,57,M,16,379000,10,0,37900,0,0.98,0,4
86,36,F,16,728000,10,0,72800,0,0.97,0,1
87,49,F,12,358000,10,0,35800,0,0.94,1,5
88,57,M,17,106000,10,0,10600,0,0.86,0,4
89,41,M,19,165000,15,0,11000,0,0.9,0,8
90,34,F,15,451000,10,0,45100,0,0.97,1,10
91,35,M,18,727000,10,0,72700,0,0.95,1,1
92,37,M,20,890000,10,0,89000,0,0.82,0,8
93,47,F,15,685000,10,0,68500,0,0.91,0,7
94,34,M,18,597000,12,0,49800,0,0.9,1,3
95,55,M,10,419000,10,0,41900,0,0.87,1,6
96,37,M,16,893000,10,0,89300,0,0.89,0,4
97,27,M,10,269000,10,0,26900,0,0.93,0,10
98,25,F,11,610000,10,0,61000,0,0.89,0,5
99,25,F,19,801000,12,0,66800,0,0.97,1,5
100,47,M,16,840000,10,0,84000,0,0.82,1,8
101,37,F,10,353000,10,0,35300,0,0.88,0,4
102,35,F,15,235000,10,0,23500,0,0.83,1,1
103,46,F,16,578000,10,0,57800,0,0.83,0,5
104,27,M,11,172000,10,0,17200,0,1.0,1,2
105,44,F,13,995000,10,0,99500,0,0.99,1,4
106,47,M,19,258000,14,0,18400,0,0.85,1,5
107,26,M,16,154000,10,0,15400,0,0.87,0,9
108,31,M,13,356000,10,0,35600,0,0.87,1,7
109,39,M,14,711000,10,0,71100,0,0.83,0,3
110,35,F,14,369000,10,0,36900,0,0.81,0,3
111,59,F,10,828000,10,0,82800,0,0.98,0,4
112,40,F,11,790000,10,0,79000,0,0.92,1,3
113,48,M,17,214000,10,0,21400,0,0.83,1,7
114,30,F,16,970000,10,0,97000,0,0.87,0,4
115,54,F,15,301000,10,0,30100,0,0.82,0,10
116,32,M,12,281000,10,0,28100,0,0.86,1,1
117,52,F,17,569000,10,0,56900,0,1.0,0,6
118,42,F,12,542000,10,0,54200,0,0.93,0,5
119,39,F,12,790000,10,0,79000,0,0.93,0,9
120,42,M,15,880000,10,0,88000,0,0.92,0,3
121,44,F,19,146000,10,0,14600,0,0.92,1,9
122,34,F,10,699000,10,0,69900,0,0.93,0,4
123,29,M,20,351000,10,0,35100,0,0.8,0,4
124,35,F,18,159000,11,0,14500,0,0.95,1,8
125,60,F,13,423000,10,0,42300,0,0.84,0,4
126,35,F,19,393000,10,0,39300,0,0.98,0,4
127,49,F,20,929000,10,0,92900,0,0.84,1,9
128,34,F,14,261000,10,0,26100,0,0.98,1,8
129,55,M,11,780000,10,0,78000,0,0.95,0,6
130,42,F,13,604000,10,0,60400,0,0.88,0,7
131,45,M,13,889000,10,0,88900,0,0.86,1,6
132,32,F,13,578000,10,0,57800,0,0.9,0,7
133,46,M,20,456000,10,0,45600,0,0.94,1,7
134,42,F,18,607000,10,0,60700,0,0.93,1,5
135,50,M,18,772000,10,0,77200,0,0.98,1,10
136,33,M,11,110000,10,0,11000,0,0.94,1,10
137,46,M,15,811000,10,0,81100,0,0.88,0,7
138,55,M,16,640000,12,0,53300,0,0.9,1,2
139,41,M,11,400000,10,0,40000,0,0.94,1,5
140,31,M,11,509000,10,0,50900,0,0.82,1,2
141,27,F,16,461000,10,0,46100,0,0.9,0,9
142,56,F,13,510000,10,0,51000,0,0.82,0,6
143,43,M,12,798000,10,0,79800,0,0.95,0,6
144,31,M,20,467000,10,0,46700,0,0.94,0,9
145,35,M,10,512000,10,0,51200,0,0.99,0,8
146,52,F,14,963000,10,0,96300,0,0.92,0,5
147,38,M,20,107000,16,0,6700,0,0.83,0,5
148,47,M,17,969000,10,0,96900,0,0.84,0,3
149,54,F,12,449000,10,0,44900,0,1.0,1,3
150,32,F,20,566000,19,0,29800,0,0.83,1,3
151,55,F,14,438000,10,0,43800,0,0.93,0,3
152,52,F,20,547000,10,0,54700,0,0.81,0,6
153,37,M,20,119000,10,0,11900,0,0.82,1,4
154,33,M,17,469000,10,0,46900,0,0.87,1,6
155,37,F,16,605000,10,0,60500,0,0.9,1,2
156,28,F,13,687000,10,0,68700,0,0.99,1,4
157,40,F,13,129000,10,0,12900,0,0.91,0,5
158,47,M,16,530000,10,0,53000,0,0.89,1,9
159,52,M,13,535000,10,0,53500,0,0.92,1,3
160,44,M,10,865000,10,0,86500,0,0.94,1,9
161,28,F,15,169000,10,0,16900,0,0.98,1,2
162,47,M,11,368000,10,0,36800,0,0.83,0,6
163,28,M,15,614000,10,0,61400,0,0.97,0,8
164,31,F,10,526000,10,0,52600,0,0.86,1,2
165,59,M,15,679000,10,0,67900,0,0.9,0,9
166,33,M,14,954000,10,0,95400,0,0.87,0,7
167,45,M,18,321000,10,0,32100,0,0.95,0,9
168,49,F,11,374000,10,0,37400,0,0.93,1,9
169,54,M,10,542000,10,0,54200,0,1.0,1,6
170,27,F,19,952000,12,0,79300,0,0.99,0,4
171,55,F,10,183000,10,0,18300,0,0.87,0,4
172,56,M,17,918000,16,0,57400,0,0.9,0,10
173,49,M,12,384000,10,0,38400,0,0.98,1,8
174,40,F,12,980000,10,0,98000,0,0.95,1,4
175,34,F,12,150000,10,0,15000,0,0.87,1,6
176,47,F,20,869000,10,0,86900,0,0.92,1,7
177,49,F,14,576000,10,0,57600,0,0.81,0,6
178,36,M,11,441000,10,0,44100,0,0.96,0,7
179,49,M,12,173000,10,0,17300,0,0.98,1,8
180,31,M,13,771000,10,0,77100,0,0.89,1,6
181,34,M,19,173000,17,0,10200,0,0.91,1,5
182,25,M,12,786000,10,0,78600,0,0.94,0,9
183,35,M,16,341000,10,0,34100,0,0.98,1,2
184,32,F,17,999000,10,0,99900,0,0.93,1,7
185,54,M,18,446000,10,0,44600,0,0.82,1,4
186,56,F,13,722000,10,0,72200,0,0.92,0,7
187,56,M,15,643000,10,0,64300,0,0.92,1,8
188,60,F,10,462000,10,0,46200,0,0.88,1,6
189,47,F,18,974000,16,0,60900,0,0.8,0,10
190,40,M,15,967000,10,0,96700,0,0.99,0,7
191,45,M,16,635000,10,0,63500,0,0.93,1,6
192,38,F,10,358000,10,0,35800,0,0.96,0,1
193,42,F,18,563000,10,0,56300,0,0.89,1,9
194,34,F,16,236000,10,0,23600,0,0.93,1,7
195,49,F,17,188000,10,0,18800,0,0.87,1,3
196,59,M,13,725000,10,0,72500,0,0.87,1,2
197,30,F,19,458000,10,0,45800,0,0.96,1,1
198,27,M,17,527000,10,0,52700,0,0.89,1,1
199,38,F,12,220000,10,0,22000,0,0.98,1,5
200,39,F,10,759000,10,0,75900,0,0.87,1,10
201,39,F,10,903000,10,0,90300,0,0.83,1,5
202,31,M,11,155000,10,0,15500,0,0.83,0,9
203,30,M,16,474000,10,0,47400,0,0.85,0,10
204,33,M,11,346000,10,0,34600,0,1.0,1,5
205,45,F,20,333000,13,0,25600,0,0.95,1,6
206,53,F,19,966000,10,0,96600,0,0.8,0,9
207,42,F,13,336000,10,0,33600,0,0.87,0,9
208,32,M,11,613000,10,0,61300,0,0.86,1,10
209,40,F,12,881000,10,0,88100,0,0.82,0,3
210,44,M,16,993000,10,0,99300,0,0.99,1,5
211,58,M,11,247000,10,0,24700,0,0.91,1,6
212,38,F,11,673000,10,0,67300,0,0.91,0,4
213,33,F,18,466000,17,0,27400,0,0.97,0,2
214,43,M,13,541000,10,0,54100,0,0.96,0,6
215,27,M,14,780000,10,0,78000,0,0.83,1,4
216,37,F,18,148000,13,0,11400,0,0.88,0,6
217,30,M,14,461000,10,0,46100,0,0.91,0,2
218,35,F,12,237000,10,0,23700,0,0.8,1,5
219,29,M,17,464000,10,0,46400,0,0.88,0,8
220,35,F,17,665000,10,0,66500,0,0.96,1,2
221,37,M,16,859000,15,0,57300,0,0.8,0,4
222,28,F,14,261000,10,0,26100,0,0.82,1,4
223,37,F,11,191000,10,0,19100,0,0.85,0,8
224,42,F,12,514000,10,0,51400,0,0.86,1,3
225,28,F,18,324000,10,0,32400,0,0.9,1,9
226,56,F,18,283000,10,0,28300,0,0.84,1,7
227,56,M,18,704000,10,0,70400,0,0.83,0,5
228,59,F,15,597000,11,0,54300,0,0.92,1,7
229,29,F,13,890000,10,0,89000,0,0.99,0,1
230,25,M,19,578000,13,0,44500,0,1.0,1,1
231,59,M,12,810000,10,0,81000,0,0.83,1,7
232,58,M,16,553000,12,0,46100,0,0.97,1,1
233,53,F,17,621000,13,0,47800,0,0.97,1,9
234,29,M,15,393000,10,0,39300,0,0.99,0,10
235,49,F,11,443000,10,0,44300,0,0.98,1,4
236,51,M,16,651000,10,0,65100,0,0.82,1,1
237,35,F,12,407000,10,0,40700,0,0.82,0,2
238,57,F,12,473000,10,0,47300,0,0.82,1,1
239,52,F,11,680000,10,0,68000,0,0.89,0,7
240,31,M,15,135000,10,0,13500,0,0.98,1,3
241,45,F,17,326000,10,0,32600,0,0.87,0,3
242,36,M,18,725000,11,0,65900,0,0.97,0,5
243,53,F,19,673000,10,0,67300,0,0.93,0,7
244,38,F,17,861000,10,0,86100,0,0.95,0,1
245,56,F,11,687000,10,0,68700,0,0.82,1,4
246,37,F,17,556000,10,0,55600,0,0.98,0,1
247,48,F,10,404000,10,0,40400,0,0.97,1,6
248,43,M,12,234000,10,0,23400,0,0.88,0,2
249,40,M,18,515000,10,0,51500,0,0.99,1,9
250,25,M,18,178000,10,0,17800,0,0.92,1,6
251,60,F,12,162000,10,0,16200,0,0.95,1,8
252,40,M,17,921000,11,0,83700,0,0.86,1,8
253,37,F,15,724000,10,0,72400,0,0.9,1,7
254,56,F,19,875000,18,0,48600,0,0.83,1,9
255,25,M,14,848000,10,0,84800,0,0.82,1,8
256,28,M,14,922000,10,0,92200,0,0.97,0,3
257,42,M,18,746000,10,0,74600,0,0.93,1,8
258,42,M,15,897000,10,0,89700,0,0.8,0,5
259,55,F,12,598000,10,0,59800,0,0.82,1,9
260,42,F,12,704000,10,0,70400,0,0.99,0,9
261,50,F,17,608000,10,0,60800,0,0.81,1,10
262,53,F,14,290000,10,0,29000,0,1.0,1,4
263,34,M,20,397000,10,0,39700,0,0.95,1,1
264,59,M,19,319000,10,0,31900,0,0.95,0,3
265,58,M,15,770000,12,0,64200,0,0.9,0,5
266,50,F,19,572000,10,0,57200,0,0.97,0,9
267,26,M,18,451000,10,0,45100,0,0.91,1,4
268,34,F,15,864000,10,0,86400,0,0.8,0,10
269,29,M,15,126000,10,0,12600,0,1.0,1,4
270,49,F,18,390000,12,0,32500,0,0.81,1,10
271,25,F,11,246000,10,0,24600,0,0.97,0,6
272,37,M,17,766000,13,0,58900,0,0.98,0,4
273,25,F,17,205000,10,0,20500,0,0.96,1,9
274,52,F,15,272000,10,0,27200,0,0.92,1,3
275,38,F,12,109000,10,0,10900,0,0.91,0,7
276,49,M,12,110000,10,0,11000,0,1.0,0,7
277,31,M,12,830000,10,0,83000,0,0.89,1,5
278,60,M,10,155000,10,0,15500,0,0.82,1,6
279,40,M,13,894000,10,0,89400,0,0.87,0,5
280,56,M,18,784000,12,0,65300,0,0.84,1,1
281,60,M,19,486000,14,0,34700,0,0.81,0,8
282,26,F,20,117000,16,0,7300,0,0.8,1,5
283,59,F,20,714000,10,0,71400,0,0.82,0,8
284,35,F,11,134000,10,0,13400,0,0.86,0,6
285,58,M,10,503000,10,0,50300,0,0.95,1,5
286,56,F,14,265000,10,0,26500,0,0.87,1,6
287,27,M,10,298000,10,0,29800,0,0.86,0,7
288,46,M,17,582000,11,0,52900,0,0.87,0,5
289,27,F,12,868000,10,0,86800,0,0.92,1,4
290,37,F,18,512000,10,0,51200,0,0.92,0,3
291,56,M,13,555000,11,0,50500,0,0.84,0,5
292,27,F,16,790000,10,0,79000,0,0.82,1,3
293,46,M,11,211000,10,0,21100,0,0.86,1,4
294,52,M,10,632000,10,0,63200,0,0.92,1,5
295,49,M,14,152000,10,0,15200,0,0.92,0,4
296,25,M,10,150000,10,0,15000,0,0.82,0,1
297,49,F,17,848000,10,0,84800,0,0.88,0,2
298,28,M,13,555000,10,0,55500,0,1.0,0,7
299,53,M,20,896000,10,0,89600,0,0.9,1,7
300,60,M,14,667000,10,0,66700,0,0.82,0,10
301,59,M,10,406000,10,0,40600,0,0.86,1,6
302,52,F,20,825000,11,0,75000,0,0.98,1,7
303,37,F,14,275000,10,0,27500,0,0.98,1,10
304,56,M,14,154000,10,0,15400,0,0.8,0,6
305,45,M,19,191000,10,0,19100,0,1.0,0,9
306,42,M,19,693000,10,0,69300,0,0.87,1,5
307,46,M,14,123000,10,0,12300,0,0.81,1,6
308,31,F,20,622000,10,0,62200,0,0.94,1,1
309,29,F,11,236000,10,0,23600,0,0.86,1,10
310,44,F,11,857000,10,0,85700,0,0.96,1,9
311,45,F,12,578000,10,0,57800,0,0.83,1,2
312,40,M,17,498000,10,0,49800,0,0.86,1,9
313,50,M,11,990000,10,0,99000,0,0.82,0,5
314,30,M,13,332000,11,0,30200,0,0.94,1,3
315,41,M,13,957000,10,0,95700,0,0.8,1,7
316,30,F,11,368000,10,0,36800,0,0.82,0,10
317,39,F,15,684000,10,0,68400,0,0.86,0,2
318,34,M,14,793000,10,0,79300,0,0.91,0,10
319,50,M,17,556000,10,0,55600,0,0.94,1,1
320,58,F,10,872000,10,0,87200,0,0.95,0,9
321,50,M,17,844000,10,0,84400,0,0.9,0,8
322,60,F,18,453000,10,0,45300,0,0.81,0,8
323,29,M,14,887000,10,0,88700,0,0.92,0,4
324,50,F,12,375000,10,0,37500,0,1.0,1,6
325,35,F,12,764000,10,0,76400,0,0.86,0,8
326,51,F,12,397000,10,0,39700,0,0.99,0,4
327,42,F,19,955000,10,0,95500,0,1.0,0,10
328,51,F,18,517000,10,0,51700,0,0.89,1,9
329,29,M,10,638000,10,0,63800,0,0.99,1,4
330,43,F,18,952000,10,0,95200,0,0.94,0,1
331,39,M,19,394000,16,0,24600,0,0.82,0,10
332,31,M,14,694000,10,0,69400,0,0.88,0,1
333,32,M,14,721000,10,0,72100,0,0.98,1,7
334,56,F,10,903000,10,0,90300,0,0.92,0,5
335,48,F,14,700000,10,0,70000,0,0.97,0,5
336,56,F,13,119000,10,0,11900,0,0.97,1,2
337,47,F,11,655000,10,0,65500,0,0.83,0,2
338,50,M,20,625000,17,0,36800,0,0.8,1,1
339,56,F,19,235000,12,0,19600,0,0.98,1,1
340,58,F,12,651000,10,0,65100,0,0.93,1,3
341,27,M,11,758000,10,0,75800,0,0.99,1,7
342,60,M,20,635000,10,0,63500,0,0.95,1,1
343,46,F,18,226000,10,0,22600,0,0.85,0,9
344,43,M,17,746000,15,0,49700,0,0.85,1,4
345,55,M,12,379000,10,0,37900,0,0.89,1,5
346,52,M,19,960000,10,0,96000,0,0.85,1,7
347,35,F,20,848000,14,0,60600,0,0.88,0,7
348,47,F,11,633000,10,0,63300,0,0.91,0,2
349,47,M,14,673000,10,0,67300,0,0.99,0,9
350,29,F,19,536000,10,0,53600,0,0.81,0,10
351,26,M,19,809000,12,0,67400,0,0.86,0,7
352,36,M,17,888000,10,0,88800,0,0.81,0,7
353,50,F,10,178000,10,0,17800,0,0.84,0,7
354,27,M,12,765000,10,0,76500,0,0.86,1,1
355,52,M,10,473000,10,0,47300,0,0.88,1,10
356,56,M,20,953000,13,0,73300,0,0.81,0,9
357,38,F,20,906000,10,0,90600,0,0.84,1,8
358,25,F,19,448000,10,0,44800,0,0.97,1,3
359,50,M,14,635000,10,0,63500,0,0.93,1,8
360,44,F,17,182000,10,0,18200,0,0.95,1,4
361,52,F,13,185000,10,0,18500,0,0.98,1,5
362,31,F,13,754000,10,0,75400,0,0.97,1,10
363,39,M,14,869000,10,0,86900,0,0.91,1,2
364,30,F,14,288000,10,0,28800,0,0.95,1,7
365,28,M,16,318000,10,0,31800,0,0.85,1,8
366,30,M,13,504000,10,0,50400,0,0.82,0,7
367,43,F,18,475000,11,0,43200,0,0.85,1,7
368,56,M,16,472000,10,0,47200,0,0.87,1,9
369,32,M,17,546000,12,0,45500,0,0.96,0,1
370,42,F,13,726000,10,0,72600,0,0.85,1,9
371,48,F,13,750000,12,0,62500,0,0.93,0,4
372,37,M,12,149000,10,0,14900,0,0.84,1,5
373,25,F,16,433000,10,0,43300,0,0.88,0,1
374,60,M,12,654000,10,0,65400,0,1.0,0,1
375,49,F,13,310000,10,0,31000,0,0.97,0,7
376,44,F,11,870000,10,0,87000,0,0.99,0,10
377,37,M,14,554000,10,0,55400,0,0.92,1,7
378,35,F,20,601000,10,0,60100,0,0.92,1,10
379,36,M,20,994000,16,0,62100,0,0.86,0,4
380,38,F,10,887000,10,0,88700,0,0.89,0,7
381,46,M,17,640000,12,0,53300,0,0.87,1,10
382,50,F,19,546000,12,0,45500,0,0.83,1,2
383,52,M,10,439000,10,0,43900,0,0.98,1,3
384,29,F,12,615000,10,0,61500,0,0.99,0,5
385,36,F,11,443000,10,0,44300,0,0.98,0,8
386,52,F,18,354000,10,0,35400,0,0.99,0,5
387,49,F,13,299000,10,0,29900,0,0.82,0,4
388,56,F,14,496000,10,0,49600,0,0.95,1,10
389,29,F,10,152000,10,0,15200,0,0.92,0,1
390,42,M,18,286000,12,0,23800,0,1.0,0,7
391,32,M,17,955000,10,0,95500,0,0.86,1,9
392,40,F,13,535000,10,0,53500,0,0.95,0,5
393,52,M,11,148000,10,0,14800,0,0.86,0,8
394,30,M,17,945000,10,0,94500,0,0.9,1,6
395,43,M,12,580000,10,0,58000,0,0.84,1,8
396,40,M,20,427000,10,0,42700,0,0.82,1,4
397,26,M,16,609000,10,0,60900,0,0.86,1,7
398,52,M,18,897000,17,0,52800,0,0.89,1,5
399,54,M,12,501000,10,0,50100,0,0.88,1,3
400,39,M,10,291000,10,0,29100,0,0.93,0,3
401,28,F,18,298000,17,0,17500,0,0.98,1,1
402,47,M,17,707000,10,0,70700,0,0.8,0,8
403,60,M,11,624000,10,0,62400,0,0.99,0,7
404,26,M,18,938000,13,0,72200,0,0.98,1,5
405,38,F,14,918000,10,0,91800,0,0.93,0,3
406,32,F,19,293000,14,0,20900,0,0.95,0,3
407,59,M,12,398000,10,0,39800,0,0.86,0,2
408,32,M,17,198000,10,0,19800,0,0.96,1,2
409,56,M,13,629000,10,0,62900,0,0.98,1,7
410,60,F,11,217000,10,0,21700,0,0.8,0,10
411,53,F,18,635000,15,0,42300,0,0.92,1,4
412,26,F,20,484000,10,0,48400,0,0.86,0,7
413,29,M,19,962000,18,0,53400,0,0.92,0,10
414,32,F,10,741000,10,0,74100,0,0.83,1,1
415,58,M,20,392000,10,0,39200,0,0.84,1,5
416,26,F,15,263000,10,0,26300,0,0.95,1,9
417,48,M,15,339000,13,0,26100,0,0.97,1,5
418,48,M,11,418000,10,0,41800,0,0.95,0,10
419,37,M,16,632000,10,0,63200,0,0.9,1,1
420,48,F,12,249000,10,0,24900,0,0.88,0,9
421,25,F,12,306000,10,0,30600,0,0.82,0,9
422,37,M,19,945000,16,0,59100,0,0.95,1,8
423,53,M,14,287000,10,0,28700,0,0.99,0,3
424,26,M,12,265000,10,0,26500,0,0.87,0,4
425,47,F,19,751000,13,0,57800,0,0.88,0,8
426,40,F,15,970000,11,0,88200,0,0.84,1,10
427,57,F,17,457000,10,0,45700,0,1.0,1,2
428,31,F,13,368000,10,0,36800,0,0.98,1,9
429,59,M,13,327000,11,0,29700,0,0.87,1,3
430,40,F,11,339000,10,0,33900,0,0.96,0,10
431,47,M,17,146000,10,0,14600,0,0.86,0,10
432,38,M,20,499000,10,0,49900,0,0.82,1,9
433,51,M,13,966000,10,0,96600,0,0.99,0,8
434,32,F,10,143000,10,0,14300,0,0.85,1,4
435,50,F,16,770000,10,0,77000,0,0.86,0,8
436,55,M,20,460000,14,0,32900,0,0.82,0,2
437,45,M,19,759000,14,0,54200,0,0.93,1,3
438,49,F,10,635000,10,0,63500,0,0.96,0,2
439,42,M,11,488000,10,0,48800,0,0.86,1,2
440,41,M,11,480000,10,0,48000,0,0.99,0,3
441,41,M,17,255000,10,0,25500,0,0.85,0,10
442,39,M,15,555000,10,0,55500,0,0.8,1,7
443,56,M,15,254000,10,0,25400,0,0.85,1,8
444,28,F,19,907000,15,0,60500,0,0.8,1,2
445,59,M,13,942000,11,0,85600,0,0.81,0,8
446,46,F,18,830000,10,0,83000,0,0.92,0,1
447,35,M,15,914000,10,0,91400,0,0.93,0,7
448,43,F,11,541000,10,0,54100,0,0.81,0,5
449,45,M,18,515000,10,0,51500,0,0.82,0,3
450,57,M,14,292000,10,0,29200,0,0.95,0,3
451,55,F,11,715000,10,0,71500,0,0.98,1,7
452,59,M,11,552000,10,0,55200,0,0.95,0,4
453,28,M,16,692000,11,0,62900,0,0.84,0,8
454,54,M,19,875000,10,0,87500,0,0.88,1,4
455,60,M,16,892000,10,0,89200,0,0.95,0,6
456,56,M,10,921000,10,0,92100,0,0.9,0,10
457,35,M,19,435000,10,0,43500,0,0.86,1,8
458,42,F,11,416000,10,0,41600,0,0.84,1,2
459,51,M,17,169000,10,0,16900,0,0.98,0,3
460,38,M,14,704000,10,0,70400,0,0.9,1,4
461,36,M,15,716000,13,0,55100,0,0.93,1,7
462,42,F,19,109000,10,0,10900,0,1.0,0,4
463,55,F,13,932000,10,0,93200,0,0.87,1,8
464,44,M,13,209000,10,0,20900,0,0.95,1,4
465,41,M,17,357000,10,0,35700,0,0.93,1,1
466,54,F,12,508000,10,0,50800,0,0.9,1,9
467,28,M,13,289000,10,0,28900,0,0.97,0,9
468,30,F,16,161000,10,0,16100,0,0.91,0,4
469,34,F,10,366000,10,0,36600,0,0.88,1,1
470,46,M,19,484000,17,0,28500,0,0.88,0,8
471,37,M,11,493000,10,0,49300,0,0.84,1,1
472,57,M,19,710000,12,0,59200,0,0.92,1,10
473,41,F,13,573000,10,0,57300,0,0.89,0,5
474,33,M,15,344000,11,0,31300,0,0.89,0,8
475,42,F,12,948000,10,0,94800,0,0.85,0,2
476,35,M,18,801000,13,0,61600,0,0.88,1,6
477,59,F,13,428000,10,0,42800,0,0.82,0,2
478,55,F,13,174000,10,0,17400,0,0.95,1,5
479,51,M,14,991000,10,0,99100,0,0.8,1,2
480,48,M,13,631000,10,0,63100,0,0.84,0,1
481,25,F,12,776000,10,0,77600,0,0.89,0,3
482,59,M,10,105000,10,0,10500,0,0.98,1,4
483,47,F,15,847000,10,0,84700,0,0.96,1,3
484,48,M,17,318000,10,0,31800,0,0.89,0,10
485,44,M,16,254000,13,0,19500,0,0.94,0,10
486,59,M,12,879000,10,0,87900,0,0.88,1,6
487,37,M,19,336000,10,0,33600,0,0.99,0,3
488,54,M,14,355000,10,0,35500,0,0.96,0,3
489,59,F,15,654000,10,0,65400,0,0.9,0,8
490,49,F,11,433000,10,0,43300,0,0.88,1,10
491,56,M,16,306000,12,0,25500,0,0.99,1,10
492,31,M,10,951000,10,0,95100,0,1.0,1,4
493,28,F,10,331000,10,0,33100,0,0.81,1,7
494,32,F,12,632000,10,0,63200,0,0.8,0,2
495,30,F,16,821000,10,0,82100,0,0.91,0,8
496,56,F,20,381000,15,0,25400,0,0.87,1,1
497,38,F,16,407000,11,0,37000,0,0.88,1,8
498,37,M,12,118000,10,0,11800,0,0.8,0,10
499,52,M,13,513000,10,0,51300,0,0.85,0,8
500,49,M,15,306000,10,0,30600,0,0.89,0,6
501,60,M,13,235000,10,0,23500,0,1.0,0,6
502,40,M,20,533000,10,0,53300,0,0.9,0,8
503,26,M,14,703000,11,0,63900,0,0.98,1,6
504,41,M,10,912000,10,0,91200,0,0.81,0,6
505,28,M,12,429000,10,0,42900,0,0.83,1,6
506,25,F,13,717000,10,0,71700,0,0.99,1,8
507,38,M,10,953000,10,0,95300,0,0.93,0,7
508,54,F,13,377000,10,0,37700,0,0.97,0,7
509,30,F,14,219000,10,0,21900,0,0.97,1,4
510,36,F,15,206000,10,0,20600,0,0.97,1,1
511,45,F,13,296000,10,0,29600,0,0.94,0,8
512,37,F,19,717000,10,0,71700,0,0.81,0,6
513,31,F,18,626000,13,0,48200,0,0.8,0,1
514,27,F,10,660000,10,0,66000,0,0.84,1,9
515,52,F,17,648000,10,0,64800,0,0.98,0,4
516,47,F,20,798000,15,0,53200,0,0.97,0,2
517,39,M,10,582000,10,0,58200,0,0.87,0,10
518,53,F,14,169000,10,0,16900,0,0.84,1,3
519,40,F,10,227000,10,0,22700,0,0.96,0,1
520,43,M,12,893000,10,0,89300,0,0.91,0,6
521,54,M,17,725000,10,0,72500,0,0.82,1,8
522,42,F,14,961000,10,0,96100,0,0.84,0,2
523,46,F,16,389000,10,0,38900,0,0.82,0,10
524,52,M,13,949000,10,0,94900,0,0.81,1,5
525,43,F,17,547000,10,0,54700,0,0.94,0,4
526,28,F,16,110000,14,0,7900,0,0.96,0,4
527,26,M,10,993000,10,0,99300,0,0.99,1,5
528,44,F,17,601000,10,0,60100,0,0.9,0,6
529,33,F,11,673000,10,0,67300,0,0.94,0,7
530,51,M,14,738000,10,0,73800,0,0.92,0,2
531,41,M,12,300000,10,0,30000,0,0.92,1,2
532,38,F,12,900000,10,0,90000,0,0.9,0,1
533,55,M,19,102000,11,0,9300,0,0.86,1,7
534,56,F,15,581000,12,0,48400,0,0.93,0,4
535,26,F,10,476000,10,0,47600,0,0.9,0,3
536,41,M,17,494000,16,0,30900,0,0.9,1,6
537,43,F,11,186000,10,0,18600,0,0.82,0,8
538,29,M,12,824000,10,0,82400,0,0.9,0,1
539,58,F,12,413000,10,0,41300,0,0.92,0,1
540,60,F,16,692000,10,0,69200,0,0.8,1,6
541,60,F,19,850000,10,0,85000,0,0.93,0,9
542,41,M,13,238000,10,0,23800,0,0.99,0,5
543,28,F,20,774000,16,0,48400,0,0.83,0,4
544,52,M,16,314000,10,0,31400,0,0.88,1,4
545,51,F,12,673000,10,0,67300,0,0.82,0,2
546,27,M,18,906000,13,0,69700,0,0.82,0,6
547,46,F,16,362000,10,0,36200,0,1.0,1,8
548,54,M,17,803000,10,0,80300,0,0.8,1,6
549,26,F,16,722000,10,0,72200,0,0.8,0,1
550,30,F,10,338000,10,0,33800,0,0.98,0,3
551,49,M,17,427000,10,0,42700,0,0.8,1,7
552,29,F,17,215000,14,0,15400,0,0.8,1,9
553,43,F,14,778000,10,0,77800,0,1.0,0,6
554,34,M,20,646000,10,0,64600,0,0.86,0,6
555,26,M,19,531000,16,0,33200,0,0.81,1,4
556,40,F,15,167000,10,0,16700,0,0.81,0,7
557,41,M,18,716000,17,0,42100,0,0.97,1,2
558,42,F,13,599000,10,0,59900,0,0.92,0,8
559,26,F,16,418000,14,0,29900,0,0.81,0,8
560,40,F,20,887000,16,0,55400,0,0.95,1,4
561,42,M,11,999000,10,0,99900,0,0.81,1,1
562,26,F,12,232000,10,0,23200,0,0.91,1,4
563,27,M,18,960000,10,0,96000,0,0.85,1,1
564,46,F,16,684000,10,0,68400,0,0.84,1,9
565,26,F,10,718000,10,0,71800,0,0.97,1,9
566,51,M,18,566000,10,0,56600,0,0.97,0,4
567,43,F,14,588000,10,0,58800,0,0.81,1,8
568,60,M,12,617000,10,0,61700,0,0.89,0,2
569,59,M,16,599000,10,0,59900,0,0.89,0,1
570,44,F,13,221000,11,0,20100,0,0.83,0,6
571,52,M,11,830000,10,0,83000,0,0.8,1,8
572,58,F,19,272000,10,0,27200,0,0.92,1,2
573,33,M,17,492000,10,0,49200,0,0.92,1,9
574,59,M,19,142000,10,0,14200,0,0.94,1,6
575,52,F,15,420000,10,0,42000,0,0.95,0,7
576,32,M,13,842000,10,0,84200,0,0.87,1,6
577,27,M,10,274000,10,0,27400,0,0.96,0,8
578,27,M,12,883000,10,0,88300,0,0.91,1,4
579,58,F,16,771000,11,0,70100,0,0.99,1,2
580,31,F,17,474000,14,0,33900,0,0.95,1,9
581,25,M,11,406000,10,0,40600,0,1.0,1,3
582,51,M,10,302000,10,0,30200,0,0.88,1,5
583,50,M,14,136000,10,0,13600,0,0.85,0,6
584,34,M,12,188000,10,0,18800,0,1.0,0,1
585,37,M,14,463000,10,0,46300,0,0.87,1,3
586,29,F,17,641000,10,0,64100,0,0.8,0,2
587,37,M,18,294000,10,0,29400,0,0.99,0,6
588,58,M,11,661000,10,0,66100,0,0.91,0,4
589,42,F,20,884000,10,0,88400,0,0.92,1,1
590,49,M,14,321000,13,0,24700,0,0.8,0,6
591,39,F,10,554000,10,0,55400,0,0.88,0,10
592,59,F,18,529000,10,0,52900,0,0.95,1,5
593,35,F,17,145000,11,0,13200,0,1.0,0,1
594,36,M,12,657000,10,0,65700,0,0.9,1,6
595,48,F,15,908000,14,0,64900,0,0.93,1,10
596,31,M,14,375000,11,0,34100,0,0.83,1,10
597,25,F,15,878000,10,0,87800,0,1.0,1,4
598,29,M,15,960000,10,0,96000,0,0.9,1,4
599,46,F,10,100000,10,0,10000,0,0.86,1,6
600,58,M,10,873000,10,0,87300,0,0.85,1,7
601,41,M,20,798000,17,0,46900,0,0.98,1,8
602,30,F,10,239000,10,0,23900,0,0.83,1,10
603,58,F,10,159000,10,0,15900,0,0.99,0,10
604,53,M,17,353000,10,0,35300,0,0.99,1,3
605,53,M,19,551000,10,0,55100,0,0.97,1,2
606,32,M,20,982000,12,0,81800,0,0.94,0,3
607,30,M,15,315000,14,0,22500,0,0.86,0,9
608,56,F,12,308000,10,0,30800,0,0.99,0,3
609,60,M,14,845000,10,0,84500,0,0.9,0,2
610,27,M,17,142000,13,0,10900,0,0.91,0,6
611,29,F,20,592000,14,0,42300,0,0.95,1,8
612,38,M,18,286000,13,0,22000,0,0.96,1,10
613,58,M,19,873000,10,0,87300,0,0.95,0,8
614,39,M,17,999000,10,0,99900,0,0.95,0,5
615,32,F,15,876000,14,0,62600,0,0.89,1,8
616,60,F,10,444000,10,0,44400,0,0.91,1,10
617,39,F,13,786000,10,0,78600,0,0.87,0,8
618,57,M,19,100000,10,0,10000,0,0.91,1,1
619,41,M,14,326000,10,0,32600,0,0.9,0,2
620,38,M,14,514000,10,0,51400,0,0.94,0,4
621,28,F,19,653000,10,0,65300,0,0.98,1,1
622,40,M,19,359000,10,0,35900,0,0.83,0,1
623,48,M,19,309000,10,0,30900,0,0.95,1,5
624,50,M,14,949000,10,0,94900,0,0.81,0,3
625,25,M,10,366000,10,0,36600,0,0.93,0,4
626,48,M,10,865000,10,0,86500,0,0.84,1,2
627,45,F,20,276000,10,0,27600,0,0.87,0,8
628,57,F,17,525000,13,0,40400,0,0.93,0,6
629,55,F,19,569000,10,0,56900,0,0.86,0,10
630,49,F,16,585000,10,0,58500,0,0.93,0,5
631,46,F,12,547000,10,0,54700,0,0.98,1,6
632,43,F,14,742000,12,0,61800,0,0.9,1,9
633,55,F,16,134000,10,0,13400,0,0.94,1,6
634,57,F,10,831000,10,0,83100,0,0.9,1,3
635,32,F,20,736000,10,0,73600,0,0.94,0,4
636,36,F,10,597000,10,0,59700,0,0.83,0,10
637,42,M,13,983000,10,0,98300,0,0.87,0,3
638,38,F,15,352000,10,0,35200,0,0.95,1,8
639,31,F,14,298000,11,0,27100,0,0.92,0,3
640,37,F,16,270000,15,0,18000,0,0.88,0,8
641,47,M,16,812000,10,0,81200,0,0.9,0,1
642,42,M,11,773000,10,0,77300,0,0.86,1,3
643,44,F,15,458000,10,0,45800,0,0.89,1,10
644,26,M,14,435000,10,0,43500,0,0.98,0,8
645,48,F,20,260000,10,0,26000,0,0.81,0,2
646,41,F,13,662000,10,0,66200,0,0.85,0,4
647,59,M,19,654000,17,0,38500,0,0.93,0,2
648,36,F,14,501000,10,0,50100,0,0.9,0,7
649,43,M,11,796000,10,0,79600,0,0.89,1,4
650,33,F,12,128000,10,0,12800,0,0.92,0,5
651,43,M,12,695000,10,0,69500,0,0.98,0,5
652,33,F,16,269000,10,0,26900,0,0.98,1,2
653,29,M,15,242000,10,0,24200,0,0.94,1,2
654,53,F,13,944000,11,0,85800,0,0.93,0,2
655,43,M,18,400000,12,0,33300,0,0.9,0,3
656,38,M,14,698000,10,0,69800,0,0.8,1,2
657,33,M,10,980000,10,0,98000,0,0.92,0,4
658,60,F,17,370000,10,0,37000,0,0.92,0,10
659,44,M,14,220000,10,0,22000,0,0.82,1,9
660,39,M,20,512000,10,0,51200,0,0.8,0,5
661,53,M,13,973000,10,0,97300,0,0.84,0,5
662,50,F,19,556000,10,0,55600,0,0.95,1,8
663,36,M,11,284000,10,0,28400,0,0.92,0,9
664,35,M,17,999000,12,0,83200,0,0.98,1,5
665,47,F,17,697000,10,0,69700,0,0.82,0,3
666,54,F,11,473000,10,0,47300,0,0.82,1,6
667,37,M,20,423000,10,0,42300,0,0.9,0,4
668,32,M,12,976000,10,0,97600,0,1.0,0,3
669,36,M,19,884000,10,0,88400,0,0.8,0,6
670,34,F,11,930000,10,0,93000,0,0.94,0,10
671,46,F,20,854000,10,0,85400,0,0.85,1,3
672,35,M,12,118000,10,0,11800,0,0.94,0,6
673,59,F,13,283000,10,0,28300,0,0.96,1,2
674,29,F,13,361000,10,0,36100,0,0.84,1,3
675,37,M,17,304000,10,0,30400,0,0.99,0,7
676,52,F,15,189000,11,0,17200,0,0.84,1,9
677,31,M,20,426000,10,0,42600,0,0.98,0,4
678,40,M,13,261000,10,0,26100,0,0.89,0,7
679,45,M,12,271000,10,0,27100,0,0.99,0,6
680,29,M,14,805000,11,0,73200,0,0.85,0,2
681,46,M,20,371000,14,0,26500,0,0.93,0,4
682,44,F,20,663000,11,0,60300,0,0.94,0,6
683,50,F,18,830000,13,0,63800,0,0.91,0,6
684,42,M,15,469000,14,0,33500,0,0.81,0,5
685,52,F,14,936000,10,0,93600,0,0.96,1,2
686,43,M,11,438000,10,0,43800,0,0.83,1,7
687,46,M,11,406000,10,0,40600,0,0.94,1,2
688,50,F,19,130000,10,0,13000,0,0.95,0,10
689,50,M,19,818000,10,0,81800,0,0.93,0,10
690,27,M,20,787000,11,0,71500,0,0.81,1,5
691,38,F,10,913000,10,0,91300,0,0.83,0,3
692,42,F,11,968000,10,0,96800,0,0.93,0,8
693,46,M,18,104000,13,0,8000,0,0.96,1,9
694,26,M,12,654000,10,0,65400,0,0.97,1,4
695,27,F,19,897000,12,0,74800,0,0.92,0,8
696,60,M,10,250000,10,0,25000,0,0.93,0,10
697,28,F,20,711000,10,0,71100,0,0.89,0,9
698,48,M,20,889000,18,0,49400,0,0.95,1,8
699,34,M,10,802000,10,0,80200,0,0.93,1,1
700,31,F,15,905000,10,0,90500,0,0.83,1,6
701,35,M,20,921000,17,0,54200,0,0.93,1,8
702,58,M,12,448000,10,0,44800,0,0.93,1,4
703,42,M,12,763000,10,0,76300,0,0.91,0,2
704,31,F,17,853000,10,0,85300,0,1.0,1,7
705,25,M,10,628000,10,0,62800,0,0.96,1,5
706,37,M,16,676000,15,0,45100,0,0.87,1,9
707,57,F,11,349000,10,0,34900,0,0.94,0,1
708,26,F,12,606000,10,0,60600,0,0.88,1,7
709,42,M,17,879000,10,0,87900,0,0.91,0,1
710,38,M,16,663000,10,0,66300,0,0.97,1,8
711,30,F,19,918000,16,0,57400,0,0.99,1,10
712,51,F,20,217000,10,0,21700,0,0.83,1,3
713,42,F,19,602000,12,0,50200,0,0.93,0,3
714,29,M,18,730000,10,0,73000,0,0.84,0,3
715,60,M,10,930000,10,0,93000,0,0.85,1,1
716,52,M,20,757000,13,0,58200,0,1.0,1,1
717,42,F,19,384000,18,0,21300,0,0.82,1,9
718,40,M,12,115000,11,0,10500,0,0.84,0,3
719,46,F,19,355000,12,0,29600,0,0.87,0,10
720,53,F,11,440000,10,0,44000,0,0.8,0,4
721,28,M,14,811000,10,0,81100,0,0.81,1,7
722,31,M,14,936000,10,0,93600,0,0.97,0,1
723,31,M,17,671000,10,0,67100,0,0.87,1,1
724,57,M,11,896000,10,0,89600,0,0.91,1,3
725,41,F,14,465000,10,0,46500,0,0.99,0,5
726,51,M,17,455000,10,0,45500,0,0.92,1,4
727,31,F,14,933000,10,0,93300,0,0.81,1,10
728,26,F,11,519000,10,0,51900,0,1.0,0,7
729,37,F,18,873000,14,0,62400,0,0.9,1,5
730,42,M,17,119000,10,0,11900,0,0.99,0,6
731,37,M,14,480000,10,0,48000,0,0.82,1,2
732,27,F,17,655000,10,0,65500,0,0.86,0,9
733,41,F,13,923000,10,0,92300,0,0.92,1,2
734,51,F,11,341000,10,0,34100,0,0.96,1,2
735,34,F,13,862000,11,0,78400,0,0.8,1,9
736,38,M,13,720000,10,0,72000,0,0.85,0,6
737,50,M,10,610000,10,0,61000,0,0.91,1,3
738,52,M,16,779000,13,0,59900,0,0.96,1,8
739,36,M,19,605000,10,0,60500,0,0.92,1,8
740,56,F,20,571000,13,0,43900,0,1.0,1,5
741,49,F,14,800000,10,0,80000,0,0.95,1,7
742,31,M,19,259000,10,0,25900,0,0.87,1,2
743,33,M,19,274000,10,0,27400,0,0.85,1,2
744,54,F,12,975000,10,0,97500,0,0.8,1,10
745,45,F,15,429000,10,0,42900,0,0.92,0,9
746,38,M,11,633000,10,0,63300,0,0.98,1,9
747,53,F,18,500000,10,0,50000,0,0.97,0,8
748,38,F,17,136000,11,0,12400,0,0.97,1,2
749,46,M,13,707000,10,0,70700,0,0.99,0,7
750,48,M,10,208000,10,0,20800,0,0.93,0,9
751,31,M,18,454000,10,0,45400,0,0.84,0,10
752,60,F,20,956000,17,0,56200,0,0.96,1,3
753,46,F,18,839000,10,0,83900,0,0.92,0,4
754,49,M,15,917000,10,0,91700,0,0.82,1,4
755,41,M,11,105000,10,0,10500,0,0.9,1,2
756,32,M,10,376000,10,0,37600,0,0.83,1,1
757,47,M,20,311000,13,0,23900,0,0.82,1,9
758,25,M,13,308000,10,0,30800,0,0.97,0,1
759,45,F,19,928000,15,0,61900,0,0.88,0,2
760,29,M,18,485000,10,0,48500,0,0.88,0,9
761,31,F,17,111000,10,0,11100,0,0.81,1,9
762,35,F,12,697000,10,0,69700,0,0.93,0,3
763,56,M,17,872000,10,0,87200,0,0.81,1,1
764,27,F,13,406000,10,0,40600,0,0.84,0,3
765,36,M,20,226000,17,0,13300,0,0.9,1,7
766,27,F,11,471000,10,0,47100,0,0.94,1,6
767,39,M,18,774000,10,0,77400,0,0.88,1,3
768,59,F,19,800000,11,0,72700,0,0.8,0,6
769,32,M,20,507000,15,0,33800,0,0.83,0,6
770,30,M,12,727000,10,0,72700,0,0.83,1,8
771,48,M,11,958000,10,0,95800,0,0.92,1,10
772,37,F,13,576000,10,0,57600,0,0.84,1,6
773,43,M,17,693000,10,0,69300,0,0.85,1,2
774,59,M,14,679000,10,0,67900,0,0.99,1,6
775,28,M,16,842000,12,0,70200,0,0.85,0,3
776,44,M,19,330000,14,0,23600,0,0.8,0,8
777,56,F,20,828000,13,0,63700,0,0.9,0,7
778,49,M,16,454000,10,0,45400,0,0.83,0,5
779,60,F,18,287000,15,0,19100,0,0.92,0,10
780,35,F,20,985000,10,0,98500,0,0.9,1,3
781,49,M,12,154000,10,0,15400,0,0.8,1,6
782,48,M,17,613000,10,0,61300,0,0.93,0,8
783,49,F,18,610000,10,0,61000,0,0.99,1,8
784,30,M,19,755000,10,0,75500,0,0.98,0,10
785,52,F,14,867000,12,0,72200,0,0.92,0,1
786,37,M,18,356000,11,0,32400,0,0.9,1,1
787,30,M,10,710000,10,0,71000,0,0.89,1,4
788,57,F,13,117000,10,0,11700,0,0.83,0,8
789,42,M,15,205000,10,0,20500,0,0.9,0,3
790,51,F,13,410000,10,0,41000,0,0.91,1,6
791,38,F,16,433000,10,0,43300,0,0.8,0,2
792,41,F,11,910000,10,0,91000,0,0.83,1,5
793,26,F,20,396000,12,0,33000,0,0.81,1,10
794,41,F,14,627000,10,0,62700,0,0.97,0,9
795,45,F,18,794000,10,0,79400,0,0.9,1,9
796,51,M,19,786000,10,0,78600,0,0.95,0,8
797,45,F,18,364000,10,0,36400,0,0.91,0,6
798,39,M,18,341000,10,0,34100,0,0.99,0,6
799,28,M,12,404000,10,0,40400,0,0.87,0,9
800,40,F,10,454000,10,0,45400,0,0.88,0,6
801,51,M,17,777000,10,0,77700,0,0.99,0,7
802,45,F,18,383000,14,0,27400,0,0.87,0,1
803,32,F,19,278000,10,0,27800,0,0.94,1,7
804,45,F,16,385000,10,0,38500,0,0.95,0,3
805,44,F,18,661000,14,0,47200,0,0.82,1,1
806,41,F,10,860000,10,0,86000,0,0.84,0,9
807,47,F,12,862000,10,0,86200,0,0.96,1,2
808,46,M,10,952000,10,0,95200,0,0.84,0,10
809,53,F,14,896000,10,0,89600,0,0.83,1,10
810,30,M,12,860000,10,0,86000,0,0.96,0,7
811,45,F,14,243000,10,0,24300,0,0.99,0,5
812,51,F,10,272000,10,0,27200,0,0.98,0,3
813,39,F,19,311000,13,0,23900,0,0.94,0,8
814,30,M,14,178000,10,0,17800,0,0.85,0,10
815,43,M,11,384000,10,0,38400,0,0.97,1,8
816,54,F,20,903000,17,0,53100,0,0.82,0,7
817,26,M,15,406000,13,0,31200,0,0.9,1,7
818,45,M,16,406000,10,0,40600,0,0.97,0,7
819,28,F,13,143000,11,0,13000,0,0.83,1,9
820,58,M,19,808000,10,0,80800,0,0.86,0,6
821,50,F,14,466000,10,0,46600,0,0.85,1,9
822,40,M,12,219000,10,0,21900,0,0.91,0,1
823,52,M,10,928000,10,0,92800,0,1.0,0,3
824,48,M,10,769000,10,0,76900,0,0.89,1,6
825,52,M,11,635000,10,0,63500,0,0.86,0,10
826,27,M,16,183000,10,0,18300,0,0.92,0,7
827,45,M,19,327000,10,0,32700,0,0.88,0,5
828,35,M,12,202000,10,0,20200,0,1.0,0,3
829,35,M,11,726000,10,0,72600,0,0.91,0,9
830,30,M,10,801000,10,0,80100,0,0.88,0,5
831,41,M,14,634000,13,0,48800,0,0.94,1,6
832,49,M,20,881000,10,0,88100,0,0.9,1,1
833,49,F,10,681000,10,0,68100,0,0.99,1,4
834,29,F,15,111000,10,0,11100,0,0.89,0,4
835,35,F,16,342000,14,0,24400,0,0.99,1,5
836,42,M,12,333000,10,0,33300,0,0.83,0,7
837,26,F,11,109000,10,0,10900,0,0.88,1,3
838,34,F,11,337000,10,0,33700,0,0.86,0,9
839,38,M,20,994000,10,0,99400,0,0.9,1,1
840,31,F,20,769000,18,0,42700,0,0.85,0,6
841,28,M,19,248000,10,0,24800,0,0.8,0,7
842,54,F,17,580000,10,0,58000,0,0.99,1,2
843,46,M,14,638000,10,0,63800,0,0.98,0,1
844,33,F,20,868000,10,0,86800,0,0.85,0,4
845,42,F,13,443000,11,0,40300,0,0.95,0,9
846,27,M,10,313000,10,0,31300,0,0.88,0,5
847,50,F,15,819000,10,0,81900,0,0.85,1,10
848,39,M,19,222000,10,0,22200,0,0.89,1,2
849,40,M,13,183000,10,0,18300,0,0.93,1,1
850,32,F,20,138000,10,0,13800,0,0.93,1,5
851,48,F,16,714000,10,0,71400,0,0.83,0,3
852,50,F,17,461000,10,0,46100,0,0.84,1,9
853,46,F,10,680000,10,0,68000,0,0.82,1,7
854,47,M,13,685000,10,0,68500,0,0.94,0,10
855,54,M,11,642000,10,0,64200,0,0.97,0,1
856,59,M,15,673000,12,0,56100,0,0.96,0,1
857,34,F,11,917000,10,0,91700,0,0.95,0,5
858,55,F,20,413000,10,0,41300,0,0.87,0,4
859,29,F,11,676000,10,0,67600,0,0.85,1,10
860,36,F,10,110000,10,0,11000,0,0.81,0,6
861,50,F,10,665000,10,0,66500,0,0.91,0,5
862,55,F,13,309000,10,0,30900,0,0.97,1,9
863,49,F,20,986000,16,0,61600,0,0.93,1,5
864,34,F,19,162000,14,0,11600,0,0.93,0,2
865,40,M,16,500000,13,0,38500,0,0.96,1,3
866,55,M,20,234000,10,0,23400,0,0.97,1,5
867,37,M,15,987000,10,0,98700,0,0.8,0,8
868,30,F,12,369000,10,0,36900,0,0.87,1,3
869,50,F,18,758000,10,0,75800,0,1.0,1,3
870,58,M,11,399000,10,0,39900,0,0.8,1,10
871,59,M,15,922000,10,0,92200,0,0.92,0,10
872,45,F,10,502000,10,0,50200,0,1.0,0,5
873,39,F,15,226000,10,0,22600,0,0.99,1,7
874,41,F,11,215000,10,0,21500,0,0.97,0,9
875,27,F,19,435000,10,0,43500,0,0.92,1,1
876,39,F,19,793000,10,0,79300,0,0.82,0,3
877,36,M,13,355000,10,0,35500,0,0.93,1,6
878,38,M,15,755000,10,0,75500,0,0.81,1,8
879,55,F,19,127000,10,0,12700,0,0.9,0,5
880,30,F,15,869000,10,0,86900,0,0.87,1,4
881,53,F,11,916000,10,0,91600,0,0.97,0,9
882,47,M,12,935000,10,0,93500,0,0.91,0,2
883,57,M,19,614000,10,0,61400,0,0.86,1,1
884,37,M,10,724000,10,0,72400,0,0.85,0,8
885,36,M,10,478000,10,0,47800,0,0.82,0,2
886,56,F,18,823000,10,0,82300,0,0.94,0,6
887,29,F,16,477000,10,0,47700,0,0.82,1,6
888,29,M,17,853000,10,0,85300,0,0.9,0,9
889,52,M,10,578000,10,0,57800,0,0.97,0,9
890,41,F,17,169000,10,0,16900,0,0.91,1,10
891,40,F,16,364000,10,0,36400,0,0.84,0,6
892,46,M,16,910000,10,0,91000,0,0.95,0,2
893,50,M,12,263000,10,0,26300,0,0.9,0,3
894,51,F,17,837000,10,0,83700,0,0.94,1,5
895,36,F,16,830000,10,0,83000,0,0.87,0,3
896,48,F,20,909000,10,0,90900,0,0.88,0,8
897,33,M,13,849000,10,0,84900,0,0.82,1,1
898,40,F,13,637000,10,0,63700,0,0.81,0,9
899,34,M,14,630000,10,0,63000,0,0.99,1,8
900,51,F,10,960000,10,0,96000,0,0.95,1,5
901,25,F,12,229000,10,0,22900,0,0.94,0,1
902,50,F,20,659000,17,0,38800,0,0.82,1,3
903,52,M,10,200000,10,0,20000,0,0.97,0,6
904,38,F,18,760000,10,0,76000,0,0.97,1,3
905,26,F,13,132000,10,0,13200,0,0.87,1,3
906,40,M,14,851000,10,0,85100,0,0.8,1,3
907,54,F,19,254000,10,0,25400,0,0.87,0,8
908,37,M,13,463000,10,0,46300,0,0.94,1,10
909,44,M,16,213000,12,0,17800,0,1.0,0,6
910,52,F,18,635000,10,0,63500,0,0.92,1,7
911,60,M,15,671000,10,0,67100,0,1.0,0,3
912,30,M,18,553000,14,0,39500,0,0.83,1,8
913,27,M,17,615000,10,0,61500,0,0.83,1,5
914,54,F,15,599000,10,0,59900,0,0.93,0,6
915,54,M,10,259000,10,0,25900,0,0.83,1,2
916,46,F,14,349000,10,0,34900,0,0.98,1,9
917,33,M,15,451000,10,0,45100,0,0.88,0,2
918,38,M,20,392000,10,0,39200,0,0.94,1,7
919,45,M,17,658000,10,0,65800,0,0.8,1,8
920,58,F,15,388000,12,0,32300,0,0.97,1,7
921,26,F,10,224000,10,0,22400,0,0.83,0,3
922,59,F,19,842000,10,0,84200,0,0.88,1,4
923,53,M,17,328000,10,0,32800,0,0.91,1,7
924,59,M,15,779000,10,0,77900,0,0.85,1,4
925,38,M,17,496000,10,0,49600,0,0.94,1,10
926,28,F,18,759000,10,0,75900,0,0.93,0,3
927,54,M,19,306000,10,0,30600,0,0.8,0,9
928,42,M,12,982000,10,0,98200,0,0.93,0,10
929,40,F,16,420000,14,0,30000,0,0.81,1,10
930,58,M,14,364000,12,0,30300,0,0.83,0,8
931,46,M,11,462000,10,0,46200,0,0.81,1,6
932,25,M,19,811000,18,0,45100,0,0.94,0,6
933,53,M,20,140000,15,0,9300,0,0.93,1,5
934,35,F,20,949000,14,0,67800,0,0.82,0,2
935,43,F,19,902000,10,0,90200,0,0.85,1,2
936,41,M,12,354000,10,0,35400,0,0.93,1,1
937,32,F,13,147000,10,0,14700,0,0.99,0,8
938,35,F,15,957000,10,0,95700,0,0.96,0,5
939,42,M,18,657000,12,0,54800,0,1.0,0,1
940,45,M,12,194000,10,0,19400,0,0.81,1,4
941,52,F,15,884000,10,0,88400,0,0.98,1,6
942,44,M,18,301000,10,0,30100,0,0.85,0,6
943,51,F,13,427000,10,0,42700,0,0.98,0,2
944,55,F,20,541000,16,0,33800,0,0.8,1,3
945,33,M,16,961000,10,0,96100,0,0.83,0,7
946,33,F,14,926000,10,0,92600,0,0.91,1,5
947,27,F,15,131000,10,0,13100,0,0.95,1,4
948,52,M,13,524000,10,0,52400,0,0.83,1,2
949,28,M,18,532000,10,0,53200,0,0.86,1,5
950,42,F,17,160000,10,0,16000,0,0.99,1,1
951,60,M,17,583000,11,0,53000,0,1.0,1,2
952,59,F,17,757000,10,0,75700,0,0.88,1,4
953,51,M,13,650000,10,0,65000,0,0.99,1,5
954,55,F,14,613000,10,0,61300,0,1.0,1,4
955,44,M,16,632000,10,0,63200,0,0.84,0,8
956,25,F,15,808000,10,0,80800,0,0.89,1,7
957,30,F,11,665000,10,0,66500,0,0.92,1,3
958,39,M,19,319000,17,0,18800,0,0.81,0,8
959,42,M,11,583000,10,0,58300,0,0.8,0,6
960,34,M,19,704000,12,0,58700,0,0.95,1,9
961,52,M,16,139000,10,0,13900,0,0.83,0,10
962,42,F,16,820000,13,0,63100,0,0.91,0,5
963,48,M,14,976000,11,0,88700,0,0.84,0,4
964,60,M,10,260000,10,0,26000,0,0.96,0,3
965,46,M,19,550000,10,0,55000,0,0.85,0,3
966,45,F,18,798000,10,0,79800,0,1.0,1,1
967,41,F,12,499000,11,0,45400,0,0.98,1,2
968,27,F,18,328000,10,0,32800,0,0.84,1,5
969,26,M,18,255000,12,0,21200,0,0.93,1,5
970,51,F,16,343000,10,0,34300,0,0.93,0,9
971,42,M,19,253000,11,0,23000,0,0.9,1,7
972,32,M,20,958000,11,0,87100,0,0.85,1,8
973,37,F,10,472000,10,0,47200,0,0.88,0,8
974,41,F,20,848000,10,0,84800,0,0.93,1,5
975,35,F,15,428000,10,0,42800,0,0.84,1,7
976,47,M,17,980000,13,0,75400,0,0.89,0,5
977,59,F,18,120000,10,0,12000,0,1.0,1,10
978,57,M,13,526000,10,0,52600,0,0.89,0,7
979,36,M,10,112000,10,0,11200,0,0.8,1,4
980,37,F,16,632000,15,0,42100,0,0.98,0,4
981,60,M,10,210000,10,0,21000,0,0.82,1,4
982,48,F,10,613000,10,0,61300,0,0.84,1,6
983,28,F,17,510000,10,0,51000,0,0.88,1,5
984,26,F,17,595000,10,0,59500,0,0.89,0,2
985,42,F,16,963000,10,0,96300,0,0.95,0,4
986,27,M,11,638000,10,0,63800,0,0.82,1,4
987,51,F,15,520000,14,0,37100,0,0.88,1,8
988,40,F,15,269000,10,0,26900,0,0.81,1,7
989,27,F,11,363000,10,0,36300,0,0.87,0,7
990,46,M,11,992000,10,0,99200,0,0.89,1,9
991,35,F,16,876000,10,0,87600,0,0.9,1,2
992,35,F,11,936000,10,0,93600,0,0.95,0,4
993,54,M,19,487000,16,0,30400,0,0.99,1,3
994,51,M,14,107000,10,0,10700,0,0.97,0,1
995,43,M,11,418000,10,0,41800,0,0.98,1,5
996,36,F,13,764000,10,0,76400,0,0.88,1,6
997,53,F,20,219000,13,0,16800,0,0.9,0,1
998,34,M,15,383000,10,0,38300,0,0.98,0,8
999,56,F,20,366000,17,0,21500,0,0.83,1,5
1000,50,F,20,220000,10,0,22000,0,0.85,1,10
